Inst,Cat#,Subspecies,Island,region,Locality,lat,long,Age,Sex,TOT,HB,Tail,HF,ear,WT,PercentTL,Side,1ML,1PPL,1DPL,1MD,1PPD,1DPD,2ML,2PPL,2MPL,2DPL,2MW,2PPW,2MPW,2DPW,3ML,3PPL,3MPL,3DPL,3MW,3PPW,3MPW,3DPW,4ML,4PPL,4MPL,4DPL,4MW,4PPW,4MPW,4DPW,5ML,5PPL,5MPL,5DPL,5MW,5PPW,5MPW,5DPW
USNM,101598,T. m. sincepis,Lingga,,"Lingga Archipelago, Linga Island, Peak Of",-0.196,104.55,A,M,298,133,165,,,,124,R,3.5,,,0.53,,,,,,,,,,,,,,,,,,,,,,,,,,,,,,,,,,
USNM,101599,T. m. sincepis,Lingga,,"Lingga Archipelago, Linga Island",-0.2,104.7,A,F,305,140,165,,,,118,L,3.86,3.15,,0.56,0.52,,,,,,,0.66,,,,,,,,,,0.88,,,,,,,,,,,,,,,,
USNM,101600,T. m. sincepis,Lingga,,"Lingga Archipelago, Linga Island",-0.2,104.7,A,M,305,140,165,,,,118,R,3.13,2.6,1.82,0.48,0.44,0.9,5.64,4.02,,2.3,0.54,0.5,0.4,,,4.6,,2.36,,0.58,0.45,,,4.64,,2.33,,0.52,0.48,,,3.84,,,,0.6,,0.77
USNM,112618,T. m. malaccana,Malay Peninsula,S,Sembrong River,2.21,103.36,A,M,285,139,146,,,,105,R,3.13,3,1.85,0.46,0.43,1.07,5.79,4.24,2.43,2.32,0.57,0.55,0.52,,,4.44,2.99,2.12,,0.62,0.54,,,4.39,2.72,1.82,0.61,0.52,0.48,,4.2,3.64,1.99,1.62,0.61,0.55,0.51,0.79
USNM,113068,T. m. sincepis,Lingga,,"Lingga Archipelago, Linga Island",-0.2,104.7,A,M,297,141,156,,,,111,L,3.29,3.27,2.23,0.47,0.5,,,4.5,2.25,2.38,0.59,0.63,0.84,,7.28,4.91,,2.16,0.61,0.63,0.55,0.97,,4.75,2.74,2.37,0.72,0.6,0.54,,4.39,3.9,,1.82,0.57,0.56,0.55,0.86
USNM,113145,T. m. sincepis,Singkep,,"Lingga Archipelago, Pulo Singkep",-0.49,104.42,sub,F,313,133,180,,,,135,R,3.41,3.41,1.65,0.51,0.51,0.99,6.36,4.33,2.29,1.98,0.55,0.57,0.54,0.8,7.3,4.92,2.66,2.35,0.62,0.51,0.46,,6.77,4.72,3.4,1.7,0.58,0.56,0.46,,4.54,3.84,1.97,1.74,0.51,0.53,0.45,
USNM,113146,T. m. sincepis,Singkep,,"Lingga Archipelago, Pulo Singkep",-0.49,104.42,sub,F,290,130,160,,,,123,L,3.55,3.28,2.22,0.5,0.45,1,6.34,4.54,2.56,1.72,0.57,0.51,0.37,,7.65,4.53,2.99,2.19,0.59,0.63,0.54,0.82,6.92,4.96,2.96,1.85,0.58,0.51,0.49,,4.75,4.05,2.43,1.85,0.52,0.41,0.39,
USNM,113166,T. m. humeralis,Sumatra,C,Indragiri River,-0.48,102.11,A,M,275,125,150,,,,120,L,3.07,2.96,2,0.51,0.45,1.05,5.67,4.16,2.82,2.26,0.7,0.52,0.49,,6.84,4.46,2.42,2.35,0.61,0.54,0.55,,,4.4,2.27,2.42,,0.54,0.45,,,3.66,,2.04,,0.6,,
USNM,114550,T. m. humeralis,Sumatra,NW,Tapanuli Bay,1.69,98.75,A,M,284,132,152,,,,115,R,3.1,2.94,2.15,0.53,0.47,0.92,5.73,4.1,2.75,2.09,0.59,0.55,0.39,,6.85,4.37,,2.22,0.59,0.54,0.42,0.83,,4.44,,2.11,,0.55,0.53,0.7,4.34,3.36,,1.99,0.62,0.48,,0.82
USNM,123104,T. m. sincepis,Singkep,,"Lingga Archipelago, Pulo Singkep",-0.49,104.42,sub,F,277,127,150,,,,118,R,3.14,2.84,1.67,0.4,0.41,0.73,5.55,3.78,2.39,1.85,0.5,0.44,0.41,,6.49,4.17,2.64,1.92,0.52,0.51,0.42,,5.94,4.28,2.39,2.17,0.55,0.47,0.4,,,3.52,,1.85,,0.45,0.41,
USNM,123105,T. m. sincepis,Singkep,,"Rhio-Linga [= Lingga] Archipelago, Pulo Sinkep [= Pulau Singkep]",-0.49,104.42,A,M,305,140,165,37,,,118,R,3.31,2.8,1.9,0.44,0.37,0.95,5.91,4.03,2.77,2.25,0.5,0.5,0.45,,,4.52,2.75,2.14,0.61,0.54,0.5,,,4.11,2.87,2.15,0.55,0.53,0.48,0.79,4.38,3.36,,1.83,0.6,0.53,0.46,0.76
USNM,141076,T. m. humeralis,Sumatra,W,Tarussan Bay,-1.22,100.42,A,M,292,136,156,,,,115,L,3.49,3.2,2.1,0.47,0.41,1.08,5.59,4.29,,2.33,0.63,0.55,0.38,0.85,7.14,4.61,,2.43,,0.59,0.55,0.98,,4.57,2.42,2.59,,0.56,0.61,0.94,4.18,3.56,,2.16,0.62,0.52,,
USNM,143271,T. m. malaccana,Malay Peninsula,S,Sungei Malayu,1.46,103.67,A,F,295,135,160,29,11,,119,L,3.4,2.88,2.28,0.47,0.34,0.96,5.83,4.16,2.57,2.31,0.54,0.46,0.45,,,4.44,3,2.33,0.58,0.56,0.47,0.8,,4.27,2.87,2.16,,0.54,0.41,0.76,3.9,3.53,,2.03,0.56,0.54,0.43,
USNM,145575,T. m. minor,Borneo,W,"Simpang River, Mouth Of",-1.12,109.95,A,F,286,130,156,34,130,,120,L,3.2,2.93,1.95,0.49,0.43,0.86,5.87,3.91,2.57,1.88,0.56,0.52,0.38,0.74,6.96,4.17,2.69,1.96,0.55,0.53,0.4,0.73,,4.2,2.23,1.82,,0.53,0.37,,4.2,3.46,,1.68,0.53,0.52,,0.61
USNM,151881,T. m. minor,Laut,,Pulo Laut,-3.62,116.15,A,M,275,130,145,,,,112,L,3.44,2.95,2.28,0.5,0.46,0.85,5.86,4,,1.95,0.54,0.5,,0.88,6.74,4.36,,2.38,0.58,0.5,,0.76,6.52,4.26,2.31,2.35,0.53,0.5,0.43,,3.79,3.56,,2,0.52,0.54,0.32,
USNM,152186,T. m. malaccana,Malay Peninsula,W,"Kuala Lumpur, Batu Caves",3.24,101.69,A,F,279,120,159,32,11,,133,L,3.17,3.03,2.4,0.54,0.46,0.86,5.8,4.15,,2.31,0.61,0.57,,0.75,6.96,4.44,,2.45,0.54,0.54,,0.79,6.16,4.22,,2.39,0.53,0.5,,0.78,4.11,3.46,,2.05,0.59,0.48,,0.78
USNM,153857,T. m. minor,Borneo,W,"Mankol, Kendawangan River",-2.55,110.24,A,M,280,132,148,,,,112,L,3.04,2.71,1.99,0.44,0.43,0.84,5.15,3.73,2.35,1.7,0.56,0.48,0.39,0.72,6.38,4.05,2.64,2.08,0.55,0.51,0.36,0.7,,3.94,2.52,2.1,,0.51,0.33,0.75,4.03,3.22,,1.85,,0.48,0.36,0.68
USNM,176419,T. m. minor,Borneo,E,"Batoe Panggal, Mahakam River, N. Bank",-0.31,117.04,A,M,279,127,152,,,,120,L,3.09,2.67,2.13,0.51,0.49,0.88,5.66,3.76,1.96,1.87,0.56,0.52,0.31,0.79,6.6,4.16,2.54,2.12,0.55,0.52,0.36,,6.05,4.01,2.13,2.26,,0.54,0.4,,4.12,3.18,,1.94,0.53,0.47,,0.73
USNM,176420,T. m. minor,Borneo,E,"Batoe Panggal, Mahakam River, N. Bank",-0.31,117.04,A,M,290,125,165,,,,132,R,2.99,2.86,1.97,0.55,0.46,0.95,5.42,3.91,2.12,1.84,0.61,0.56,,0.77,6.58,4.01,,2.12,0.58,0.59,,0.71,5.84,4.08,2.3,1.99,0.57,0.51,,,4.28,3.42,1.75,1.57,0.64,0.52,,0.71
USNM,176421,T. m. minor,Borneo,E,Birang River,2.32,117.49,A,M,289,120,169,,,,141,R,3.34,2.81,1.75,0.44,0.33,0.89,5.5,4.02,2.45,2.05,0.51,0.43,0.28,,6.78,4.16,2.73,2.24,0.53,0.48,0.33,,6.08,3.93,2.67,2.16,0.49,0.45,0.29,,4.12,3.23,2.18,1.83,0.52,0.49,0.3,
USNM,176422,T. m. minor,Borneo,E,Birang River,2.32,117.49,A,F,285,123,162,,,,132,R,3.1,2.6,1.94,0.46,0.34,0.9,5.47,3.62,1.88,2.06,0.55,0.5,0.39,,6.72,4.25,,2.26,0.56,0.54,,0.73,5.92,4.07,2.44,1.74,0.56,0.48,0.39,,3.87,3.24,1.94,1.41,0.54,0.48,,0.66
USNM,176423,T. m. minor,Borneo,E,Birang River,2.32,117.49,A,M,287,129,158,,,,122,R,2.94,2.67,1.89,0.51,0.39,0.84,5.28,3.86,,2.07,0.57,0.5,,,6.3,3.92,,2.06,0.6,0.57,,0.78,5.68,3.72,,2.07,0.58,0.51,,0.76,3.93,3,,1.77,0.56,0.49,,0.72
USNM,176424,T. m. minor,Borneo,E,Birang River,2.32,117.49,A,M,271,119,152,,,,128,L,2.93,2.57,1.87,0.53,0.46,0.87,5.11,3.57,,2.12,0.6,0.53,,0.74,6.15,3.91,,2.26,0.62,0.58,,0.72,5.47,3.35,,2.24,0.58,0.53,,0.73,3.53,2.6,,1.87,0.55,,,0.48
USNM,176425,T. m. minor,Borneo,E,Birang River,2.32,117.49,A,M,280,127,153,,,,120,L,2.92,2.5,1.55,0.49,0.45,0.77,5.22,2.92,,1.92,0.6,0.54,,0.68,6.07,3.63,,1.95,0.63,0.57,,0.73,5.54,3.2,,1.99,0.63,0.54,,,3.86,2.99,,1.74,0.59,0.49,,0.76
USNM,176426,T. m. minor,Borneo,E,Birang River,2.32,117.49,A,F,285,123,162,,,,132,R,2.91,2.74,1.71,0.52,0.46,0.85,5.24,3.78,2.25,2.13,0.57,0.52,0.33,0.74,6.41,4.31,,2.24,0.58,0.54,,0.77,5.63,4.32,,2.23,0.58,0.53,0.48,0.79,3.87,3.06,,1.84,0.56,0.48,,0.73
USNM,176427,T. m. minor,Borneo,E,Birang River,2.32,117.49,A,F,277,121,156,,,,129,L,2.83,2.71,1.9,0.52,0.43,0.81,5.07,3.77,2.28,2.17,0.55,0.51,0.35,0.7,6.2,4.11,,2.3,0.54,0.52,,0.69,5.52,3.97,2.18,2.09,0.51,0.46,0.39,0.74,3.64,3.31,1.82,1.95,0.48,0.42,0.31,0.68
USNM,176428,T. m. minor,Borneo,E,Birang River,2.32,117.49,A,F,293,123,170,,,,138,L,3.35,2.98,2,0.57,0.44,0.8,5.68,3.97,2.42,2.18,0.58,0.53,0.31,,6.81,4.2,2.69,2.32,0.57,0.52,0.34,,6.2,4.27,2.46,2.19,0.52,0.49,0.38,,4.29,3.58,2.33,1.77,0.48,0.4,0.3,
USNM,176429,T. m. minor,Borneo,E,"Segah River, S Bank",2.18,117.14,A,F,287,130,157,,,,121,R,3.1,2.7,1.78,0.47,0.42,0.85,5.47,3.84,,2.1,0.56,0.53,,,6.86,4.03,,2.05,0.56,0.6,,0.84,6,4.09,,2.19,0.59,0.52,,0.88,4.03,2.66,,1.89,0.59,0.5,,
USNM,197197,T. m. minor,Borneo,E,Sungai Menganne,0.83,117.92,A,M,277,127,150,,,,118,L,3.11,2.81,1.91,0.49,0.36,0.94,5.54,4.06,,2.04,0.62,0.58,,,6.85,4.42,,2.18,0.6,0.57,,0.75,6.12,4.23,,2.01,0.57,0.54,,0.73,3.96,3.55,,1.96,0.61,0.53,,0.71
USNM,198038,T. m. minor,Borneo,E,Sungai Karangan,1.1,117.9,A,M,271,121,150,,,,124,L,3,2.58,1.89,0.47,0.39,0.85,5.41,3.75,,2.02,0.54,0.49,,0.68,6.79,4.25,,2.26,0.58,0.51,,0.79,6.13,4.03,,2.04,0.53,0.5,,0.75,3.98,3.28,,1.81,0.51,0.47,,0.68
USNM,198680,T. m. minor,Borneo,E,Mahakkam River,-0.1,115.77,A,F,288,123,165,,,,134,R,2.94,2.74,2.04,0.5,0.45,0.93,5.33,4.11,,2.24,0.54,0.49,,,6.86,4.42,,2.17,0.57,0.54,0.35,0.74,6.23,4.26,,2.18,0.58,0.53,0.35,,4.1,2.85,,1.66,0.61,0.54,,0.72
USNM,198681,T. m. minor,Borneo,E,"Laham, Mahakam River",0.36,115.4,late sub,M,291,126,165,,,,131,L,3.04,2.71,2,0.56,0.47,0.88,5.51,3.8,2.12,2.18,0.59,0.52,,,6.18,4.15,2.55,2.19,0.57,0.54,,,5.52,3.97,2.53,2.16,0.57,0.51,0.32,,3.72,3.14,,1.51,0.54,0.46,,0.74
USNM,290150,T. m. malaccana,Malay Peninsula,W,"Kuala Lumpur, Near, Kepong",3.2,101.64,A,F,275,130,145,30,11,,112,L,3.01,2.85,2,0.48,0.37,0.87,5.21,4.04,2.41,2.02,0.43,0.43,0.38,,6.71,4.33,2.38,2.34,0.5,0.49,0.42,,6.08,3.78,2.72,1.59,0.54,0.46,0.31,,4.1,3.49,,1.86,0.53,0.5,0.39,
USNM,290151,T. m. malaccana,Malay Peninsula,W,"Kuala Lumpur, 6 Mi N Of",3.25,101.69,A,M,,,,,,,,R,3.28,3,2.06,0.41,0.42,0.9,5.71,4.12,,1.87,0.56,0.51,,0.78,6.85,4.24,,2.26,0.57,0.54,0.48,0.8,6.29,4.06,2.46,2.08,0.56,0.5,0.47,,4.22,3.52,,1.78,0.59,0.48,,0.74
USNM,291265,T. m. malaccana,Malay Peninsula,,Malaysia,x,x,A,?,285,130,155,33,9,,119,R,3.26,2.99,2.15,0.47,0.43,0.84,6.03,4.22,,1.82,0.56,0.53,0.49,,7.48,4.56,2.89,2.07,0.55,0.56,0.35,,6.63,4.41,,1.78,0.57,0.52,0.47,,4.56,3.61,2.27,1.91,0.57,0.52,0.33,0.65
USNM,291266,T. m. malaccana,Malay Peninsula,,Malaysia,x,x,A,F,286,136,150,30,9,,110,L,3.19,3.04,2.23,0.48,0.43,0.87,5.74,4.13,2.34,2.28,0.56,0.5,0.41,,6.85,4.34,,2.39,0.56,0.55,0.44,0.8,6.19,,2.29,2.34,0.56,0.5,0.39,,4.13,,,1.97,0.57,,,0.74
USNM,291267,T. m. malaccana,Malay Peninsula,W,"Kuala Lumpur, Near, Kepong",3.2,101.64,sub,F,280,130,150,31,13,,115,R,3.43,2.8,1.73,0.45,0.41,0.9,5.88,,,2.03,0.55,0.49,,0.73,6.82,,,2.29,0.55,0.51,,0.7,6.15,,,2.12,0.51,0.44,,0.66,4.31,3.62,,1.74,0.56,0.45,,0.7
USNM,291268,T. m. malaccana,Malay Peninsula,W,"Kuala Lumpur, Near, Kepong",3.2,101.64,sub,F,288,123,165,32,12,,134,L,3.2,2.91,,0.46,0.4,,5.83,,,1.31,0.57,0.47,,,7.2,,,1.67,0.6,,0.38,,6.41,4.53,2.81,2.29,0.52,,0.41,,4.26,3.63,,1.9,0.51,0.43,,
USNM,291269,T. m. malaccana,Malay Peninsula,W,"Kuala Lumpur, Near",3.14,101.69,sub,?,270,120,150,30,10,,125,L,3.11,2.86,1.88,0.42,0.39,0.77,5.76,3.98,,2.11,0.54,0.51,0.4,,6.46,,,2.34,0.51,0.52,0.32,0.73,5.92,4.06,,2.02,0.51,0.49,,0.72,3.98,,,1.7,0.53,0.48,,0.7
USNM,291270,T. m. malaccana,Malay Peninsula,W,Selangor (Malaysia),3.2,101.5,sub,M,262,118,144,33,10,,122,R,3.2,2.78,1.9,0.48,0.32,0.91,5.87,4.15,2.5,,0.56,0.36,0.34,,7.03,,,2.27,0.55,0.48,,,6.08,,,2.23,0.53,,0.39,,,,,1.87,,0.53,0.35,
USNM,291271,T. m. malaccana,Malay Peninsula,,Malaysia,x,x,sub,?,280,128,152,22,11,,119,L,3.16,2.9,1.86,0.43,0.37,0.79,5.81,4.1,2.41,,0.5,,0.35,,6.68,3.81,3.12,2.37,0.52,0.47,,,,3.32,3.01,2.3,,0.43,0.36,,4.52,,,,0.6,,,0.65
USNM,292468,T. m. minor,Borneo,NE,"Mount Kinabalu, Bundu Tuhan",6.07,116.56,infant,M,260,118,142,32,12,,120,L,2.69,2.93,1.43,0.52,0.39,0.7,5.32,3.71,2.29,1.54,0.53,0.44,0.29,,6.13,3.83,2.54,1.88,0.53,0.44,0.3,,5.54,3.96,2.32,1.75,0.49,0.44,0.32,,3.61,3.36,2.02,1.54,0.45,0.41,0.29,
USNM,292470,T. m. minor,Borneo,NE,"Mount Kinabalu, Bundu Tuhan",6.07,116.56,late sub,F,291,135,156,35,12,,116,R,3.22,2.9,1.83,0.43,0.4,0.9,5.59,3.96,2.49,1.84,0.51,0.45,0.34,,6.72,4.23,,1.74,0.53,0.51,0.4,,5.98,4.14,2.38,1.94,0.49,0.48,0.4,,4,3.43,2.11,1.63,0.49,0.44,0.31,0.65
USNM,300901,T. m. minor,Borneo,NE,Ranau,5.95,116.67,A,M,260,125,135,31,12,,108,L,3.09,2.81,1.72,0.48,0.43,0.76,5.55,3.88,2.36,1.72,0.56,0.51,0.32,,,4.22,2.49,1.9,0.53,0.54,0.3,0.69,5.69,4.04,2.63,1.95,0.55,0.47,0.33,,3.95,3.22,,1.65,0.54,0.5,,
USNM,300902,T. m. minor,Borneo,NE,"Ranau, Kampong Lansing",5.97,116.68,A,M,274,133,141,34,12,,106,R,3.05,2.53,1.5,0.43,0.39,0.85,5.24,3.77,2.2,2.02,0.49,0.43,0.32,,6.34,3.99,,2.17,0.5,0.52,0.35,,5.63,3.86,2.33,2.1,,0.46,0.31,,3.69,3.21,,1.82,0.54,0.46,,0.72
USNM,300903,T. m. minor,Borneo,NE,"Ranau, Half Mile N Of",5.96,116.67,A,M,255,119,136,33,12,,114,R,3.16,2.94,2.14,0.46,0.41,0.91,6,4.05,,2.1,0.49,0.49,0.32,,7.02,4.2,2.42,2.13,0.53,0.54,,0.76,6.02,,,1.76,0.53,0.49,,,4.32,,,1.59,0.54,0.52,,0.71
USNM,300904,T. m. minor,Borneo,NE,"Ranau, Half Mile N Of",5.96,116.67,infant,F,275,134,141,34,11,,105,L,3.05,2.95,1.9,0.5,0.44,0.86,5.61,4.03,2.54,1.93,0.55,0.54,0.3,0.78,6.57,4.37,,2.27,0.59,0.58,0.38,0.82,5.81,4.3,2.76,2.12,0.52,0.48,0.34,0.78,4.01,3.41,2.09,1.44,0.49,0.47,,
USNM,300905,T. m. minor,Borneo,NE,Ranau,5.95,116.67,A,F,266,124,142,32,12,,115,R,2.97,2.74,1.86,0.43,0.41,0.89,5.44,3.7,2.3,,0.49,0.44,0.35,,6.04,4.05,2.2,2.2,0.53,0.51,0.35,,5.43,4,2.52,2.03,0.53,0.47,0.35,,3.79,3.26,,1.61,0.52,0.45,0.33,0.65
USNM,300906,T. m. minor,Borneo,NE,Ranau,5.95,116.67,A,M,273,126,147,32,12,,117,L,2.88,2.8,,0.5,0.44,0.76,4.93,3.7,2.37,1.99,0.51,0.51,,0.75,6.01,4.12,2.86,2.2,0.49,0.51,,0.84,5.45,4.01,2.8,2.11,0.47,0.5,,0.71,3.47,3.17,,1.89,0.46,0.43,,
USNM,300907,T. m. minor,Borneo,NE,Ranau,5.95,116.67,sub,M,,,,,,,,R,2.76,2.16,1.8,0.44,0.36,0.81,4.98,3.38,2.18,1.81,0.48,0.4,0.26,,5.83,3.88,2.62,2.21,0.49,0.39,0.24,,,3.53,2.36,2.08,,0.42,0.3,,3.55,2.67,,1.79,0.44,,,0.64
USNM,311452,T. m. minor,Borneo,N,"Kapit, 5 Mi E Of, Nanga Balleh",2.01,113.04,no skull,F,256,106,150,31,12,,142,L,2.8,2.66,1.69,0.51,0.44,0.99,5.26,3.84,2.41,1.72,0.52,0.4,0.28,,6.49,4.24,2.42,1.97,0.52,0.44,0.32,,5.89,4.08,2.53,1.82,0.49,0.46,,,3.9,3.39,,1.68,0.6,0.45,0.32,0.67
USNM,311453,T. m. minor,Borneo,N,"Kadit, Nanga Pelagus",2.01,112.93,A,M,298,126,172,33,12,65,137,R,3.47,3.15,2.47,0.55,0.51,1.04,6.3,4.46,2.67,,0.58,0.51,0.41,,6.93,4.5,,2.62,,0.57,,,4.7,3.9,,2.39,0.69,0.57,,,4.67,3.86,,2.16,0.69,,,0.54
USNM,317178,T. m. minor,Borneo,NE,Petergas,5.91,116.05,A,M,280,120,160,27,10,78,133,R,3.17,2.71,1.69,0.5,0.44,0.81,5.68,3.87,,1.8,0.59,0.57,,0.79,6.65,4.16,,2.07,0.59,,,0.82,6.14,4.09,,1.95,0.57,0.53,,0.77,4.22,3.28,,1.56,0.56,0.51,,0.74
USNM,317179,T. m. minor,Borneo,NE,Petergas,5.91,116.05,A,F,285,125,160,30,10,60,128,R,2.94,2.71,1.26,0.48,0.41,0.97,5.58,4.26,2.65,,0.53,0.44,0.39,,6.72,4.31,3.08,2.13,0.51,0.47,0.34,,6.21,3.68,3.04,2.15,0.51,0.46,0.32,,4.1,2.95,2.21,,0.48,0.43,0.31,
USNM,317180,T. m. minor,Borneo,NE,Ranau,5.95,116.67,sub,M,284,129,155,28,12,35,120,R,3.1,2.67,1.72,0.43,0.38,0.9,5.29,3.85,2.47,1.61,0.53,0.47,0.38,0.71,6.43,4.01,,1.91,0.54,0.47,0.36,0.74,5.91,3.97,,1.87,0.51,0.47,0.28,0.73,4.07,3.41,,1.7,0.46,0.44,,0.76
USNM,317181,T. m. minor,Borneo,NE,Ranau,5.95,116.67,A,F,280,130,150,30,10,55,115,L,3.08,2.57,1.81,0.56,0.43,0.74,5.26,3.57,2.2,1.85,0.49,0.46,0.36,,6.11,3.95,2.68,1.93,0.47,0.47,0.36,,5.59,3.85,2.55,1.88,0.44,0.4,0.35,,3.67,2.12,1.94,1.58,0.41,0.39,0.34,
USNM,317182,T. m. minor,Borneo,NE,Ranau,5.95,116.67,A,M,265,120,145,29,8,45,121,R,2.95,2.75,1.8,0.42,0.41,0.84,5.13,3.58,,1.95,0.53,0.51,,,6.02,3.96,,2.24,0.53,,,0.77,5.5,,2.25,2.2,0.55,,,0.8,3.82,3.16,,1.76,0.56,,,0.7
USNM,317183,T. m. minor,Borneo,NE,Ranau,5.95,116.67,late sub,M,275,135,140,30,10,52,104,L,3.09,2.74,1.95,0.46,0.4,0.76,5.42,3.74,,1.7,0.53,0.49,,0.74,6.54,4.03,,1.82,0.54,,,0.75,5.79,3.94,,1.81,0.57,0.44,,0.76,4.01,3.25,,1.56,0.57,0.48,,0.66
USNM,355346,T. m. malaccana,Malay Peninsula,W,Selangor (Malaysia),3.2,101.5,A,?,280,135,145,30,5,,107,L,3.12,3.04,2.13,0.45,0.37,0.9,5.79,,,2.16,0.55,,,0.79,6.74,,,2.43,0.56,0.51,,0.83,6.1,4.34,,2.25,0.54,0.45,0.37,,4.17,3.57,,1.88,0.56,0.45,,
USNM,396668,T. m. minor,Borneo,NE,Sabah (Malaysia),5.6,117,A,M,,,,,,,,R,3.39,3.03,2.27,0.54,0.44,0.72,6.09,4.12,2.83,,0.58,0.55,,,7.09,4.36,3.29,1.98,0.53,0.54,,0.81,6.26,4.27,3.12,1.7,0.51,0.52,,0.96,4.52,3.43,2.24,1.37,0.47,0.48,,0.69
USNM,396669,T. m. minor,Borneo,NE,Sabah (Malaysia),5.6,117,A,F,,,,,,,,L,3.3,2.66,1.91,0.49,0.44,0.83,5.99,3.82,2.47,1.14,0.54,0.5,,0.77,7.32,4.31,3.1,1.79,0.56,0.52,,,6.4,4.01,3.01,,0.55,0.5,,,4.11,3.31,2.02,0.96,0.54,0.44,,0.72
USNM,396672,T. m. minor,Borneo,NE,Sabah (Malaysia),5.6,117,A,F,,,,,,,,L,3.11,3.1,1.78,0.51,0.45,0.87,5.8,3.96,,1.85,0.56,0.51,,,6.82,4.32,3.11,1.35,0.55,,,,5.77,4.01,2.67,1.76,0.6,0.47,,,4.19,3.36,2.12,1.77,0.53,0.48,,
USNM,487960,T. m. malaccana,Malay Peninsula,S,"Bekok, Labis Forest Reserve, Tamok",2.4,103.25,A,F,282,127,155,31,12,44,122,R,3.17,2.67,1.65,0.49,0.43,0.85,5.9,4.02,,1.96,0.59,0.53,,0.76,6.65,,,2.19,0.59,0.51,0.45,,6.08,4.2,,2.2,0.58,0.54,0.43,,4.14,,,1.9,0.67,0.48,,0.74
USNM,487961,T. m. malaccana,Malay Peninsula,S,"Bekok, Labis Forest Reserve, Tamok",2.4,103.25,A,F,306,137,169,32,14,80,123,L,3.38,2.74,1.99,0.46,0.36,0.97,6.22,4.15,2.49,2.17,0.57,0.49,0.38,,7.21,,,2.54,0.58,0.54,,,6.4,,,2.32,0.57,0.51,0.4,,4.43,,,1.96,0.65,0.52,,0.81
USNM,487962,T. m. malaccana,Malay Peninsula,S,"Bekok, Labis Forest Reserve, Tamok",2.4,103.25,sub,F,279,122,157,32,13,34,129,L,3.27,2.72,2,0.43,0.36,0.89,5.81,3.98,,1.91,0.47,0.42,0.37,,6.86,,,2.2,0.54,0.47,0.42,0.76,6.07,4.23,2.75,2.1,0.52,0.45,0.37,,4.1,3.56,,1.72,0.51,0.44,,0.58
USNM,487963,T. m. malaccana,Malay Peninsula,S,"Bekok, Labis Forest Reserve, Tamok",2.4,103.25,A,M,288,130,158,32,11,43,122,L,3.37,2.97,2.04,0.51,0.46,0.88,6.08,4.33,,1.8,0.57,0.5,0.37,,6.87,,,2.05,0.55,0.58,,,6.17,4.43,,2.01,0.56,0.54,,0.73,4.08,,,1.87,0.55,,,0.71
USNM,487964,T. m. malaccana,Malay Peninsula,S,"Bekok, Labis Forest Reserve, Tamok",2.4,103.25,A,M,281,124,157,32,12,55,127,R,3.33,3.03,1.52,0.41,0.4,0.93,6.08,3.99,2.39,,0.6,0.53,0.38,,7.34,,,2.05,0.57,0.55,,0.77,6.62,4.2,,1.45,0.59,0.52,,,4.44,,,1.91,0.63,0.47,,0.71
USNM,487965,T. m. malaccana,Malay Peninsula,S,"Bekok, Labis Forest Reserve, Tamok",2.4,103.25,A,F,280,125,155,32,13,42,124,L,3.23,2.83,1.78,0.43,0.4,0.77,5.94,,,2.05,0.52,0.47,0.42,,7.02,,,2.29,0.54,0.52,0.41,0.71,6.2,3.54,,2.02,0.52,0.47,0.39,0.72,4.24,3.2,,1.84,0.56,0.44,,0.7
USNM,487966,T. m. malaccana,Malay Peninsula,S,"Bekok, Labis Forest Reserve, Kudong",2.37,103.25,A,M,285,130,155,32,14,49,119,R,3.15,2.64,1.91,0.46,0.42,0.84,5.2,4.02,2.19,1.92,0.55,0.5,0.36,,6.51,4.3,2.86,2.13,0.52,0.51,0.38,0.77,6.03,3.9,,2.1,0.54,0.51,0.37,0.7,4.04,,,1.7,0.62,0.5,,0.7
USNM,487967,T. m. malaccana,Malay Peninsula,S,"Bekok, Labis Forest Reserve, Kersiak",2.45,103.28,A,F,298,135,163,34,14,59,121,L,3.33,3,2.11,0.51,0.48,0.87,5.99,4.23,2.76,2.16,0.62,0.52,0.47,0.82,7.28,4.42,,2.4,0.61,0.55,,0.78,6.45,4.34,3.01,2.28,0.59,0.52,0.36,0.78,4.32,,,1.84,0.59,,,
USNM,487968,T. m. malaccana,Malay Peninsula,S,"Bekok, Labis Forest Reserve, Tamok",2.4,103.25,A,M,291,131,160,33,13,45,122,R,3.21,2.88,1.96,0.47,0.37,0.83,5.73,4.16,,2.15,0.53,0.47,,,6.79,,,2.27,0.55,0.51,0.4,0.75,5.93,4.14,,2.21,0.53,0.47,,,4.1,3.54,,1.81,0.62,0.49,,0.79
USNM,487969,T. m. malaccana,Malay Peninsula,S,"Bekok, Labis Forest Reserve, Kersiak",2.45,103.28,A,F,295,135,160,32,14,51,119,R,3.26,2.81,1.81,0.52,0.45,0.94,5.93,4.19,,1.98,0.58,0.51,,,7.03,4.49,2.67,2.36,0.6,0.57,,,6.36,4.34,,1.57,0.6,0.54,0.45,0.8,4.2,3.66,,1.6,0.68,0.54,,
USNM,487970,T. m. malaccana,Malay Peninsula,E,"Rompin, Bukit Payong, Kampong Bukit",2.95,103.37,A,M,295,136,159,32,14,54,117,L,3.1,2.9,1.97,0.45,0.38,0.89,5.59,3.94,,2.05,0.53,0.51,0.45,0.7,6.58,,,2.06,0.55,0.52,,,5.74,4.22,,2.24,0.55,0.47,0.43,,4.01,,,1.95,0.59,,,0.69
USNM,487971,T. m. malaccana,Malay Peninsula,E,"Rompin, Bukit Payong, Kampong Bukit",2.95,103.37,A,?,282,132,150,31,13,35,114,L,3.09,2.84,1.95,0.44,0.43,0.76,5.58,,,2.08,0.53,0.48,,0.67,6.68,,,2.23,0.57,0.47,,0.67,5.5,,,2.19,0.55,,,0.73,3.87,,2.08,1.82,0.51,0.47,0.3,
USNM,487972,T. m. minor,Borneo,NE,"Mount Kinabalu National Park, Ranau District, Poring",6.17,116.63,A,F,277,127,150,31,13,57,118,L,3.01,2.66,,0.48,0.39,0.92,5.39,3.75,,1.75,0.51,0.43,,0.66,6.55,4.07,,1.91,0.53,0.48,,0.66,5.91,4,,2.15,0.5,0.47,,0.7,4.04,3.27,,1.54,0.46,0.42,,0.66
USNM,487973,T. m. malaccana,Malay Peninsula,,Malaysia,x,x,A,?,,,,,,,,L,2.92,2.75,1.62,0.5,0.42,0.82,5.3,,,1.87,0.53,0.47,,,6,,,1.75,0.55,0.51,,0.73,5.41,,,2.15,0.53,0.44,,0.71,3.62,,,1.69,0.48,,,
USNM,487974,T. m. minor,Borneo,NE,"Mount Kinabalu National Park, Ranau District, Poring",6.17,116.63,A,M,295,130,165,29,13,55,127,L,3.07,2.79,1.84,0.51,0.44,0.85,5.19,3.78,,2,0.51,0.5,0.3,,6.73,4.21,,2.07,0.52,0.52,0.35,0.86,6.15,4.07,,1.96,0.55,0.5,,,4.04,,,1.77,0.54,0.44,,0.7
USNM,487975,T. m. minor,Borneo,NE,"Mount Kinabalu National Park, Ranau District, Poring",6.17,116.63,A,M,301,132,169,30,14,52,128,R,3.18,2.68,1.9,0.53,0.42,0.86,5.45,3.82,2.26,1.77,0.55,0.51,,,6.57,4.19,2.7,1.8,0.54,0.51,,,5.9,4.12,2.59,1.59,0.51,0.47,,0.71,3.93,3.33,2.21,1.76,0.49,0.4,0.3,0.72
USNM,487976,T. m. minor,Borneo,NE,"Mount Kinabalu National Park, Ranau District, Poring",6.17,116.63,A,F,276,127,149,32,14,53,117,R,3.37,3.06,1.74,0.51,0.43,0.76,5.86,3.99,,1.93,0.55,0.52,,,6.76,4.26,,2.15,0.53,0.52,0.41,,6.1,4.16,,2.17,0.5,0.54,,0.77,4.09,3.37,,1.84,0.43,0.51,,0.3
USNM,487977,T. m. minor,Borneo,NE,"Mount Kinabalu National Park, Ranau District, Poring",6.17,116.63,A,M,292,125,167,29,12,49,134,L,3.29,2.61,1.9,0.46,0.42,0.88,5.76,3.98,2.45,1.99,0.53,0.35,,,7,4.35,,2.28,0.56,,,0.74,6.33,4.15,,2.15,0.55,0.57,,0.74,4.41,3.63,,1.74,0.53,0.47,,0.73
USNM,487978,T. m. minor,Borneo,NE,"Mount Kinabalu National Park, Ranau District, Poring",6.17,116.63,A,F,277,132,145,31,13,55,110,R,3.3,2.85,1.87,0.45,0.41,0.95,5.92,4.01,2.37,1.72,0.53,0.47,,,6.86,4.35,2.66,2.22,0.56,0.48,0.37,0.76,6.27,4.23,2.9,2.1,0.55,0.47,0.35,,4.32,3.48,2.04,1.74,0.56,0.46,0.36,0.69
USNM,487979,T. m. minor,Borneo,NE,"Mount Kinabalu National Park, Ranau District, Poring",6.17,116.63,A,M,275,128,147,32,13,53,115,L,3.12,2.75,1.91,0.49,0.43,0.88,5.66,3.96,2.33,2.05,0.51,0.45,0.34,,6.73,4.31,,2.16,0.52,0.53,,0.73,6.14,4.18,2.31,2.01,0.53,0.5,0.35,0.79,4.19,3.34,,1.55,0.55,0.49,0.35,
USNM,487980,T. m. minor,Borneo,NE,"Kampong Morok, Ranau District, Morok Forest",6.02,116.87,infant,F,258,125,133,25,11,30,106,L,2.52,2.49,1.77,0.53,0.37,0.72,5.03,3.37,2.14,1.82,0.53,0.48,0.43,0.66,6.02,3.79,2.21,2.12,0.52,0.56,0.47,0.73,5.44,3.63,2.62,1.99,0.48,0.44,0.36,,3.7,2.67,,1.63,0.48,0.42,0.38,0.62
USNM,487981,T. m. minor,Borneo,NE,"Kampong Nalapak, Ranau District, Hutan Malacau",5.94,116.78,A,M,288,131,157,33,13,53,120,L,3.19,2.95,2.13,0.48,0.4,0.78,5.34,4.11,2.55,2.27,0.52,,0.35,0.74,6.49,,,2.46,0.55,0.51,,0.75,5.95,,,2.19,0.53,0.44,,0.71,3.87,,,1.98,0.49,0.44,,0.66
USNM,487982,T. m. minor,Borneo,NE,"Mount Kinabalu National Park, Ranau District, Poring",6.17,116.63,A,M,304,136,168,31,13,55,124,R,3.35,2.93,2.01,0.44,0.36,0.88,5.97,4.13,2.33,1.97,0.48,0.43,0.32,,6.86,,,2.22,0.53,0.51,,0.78,6.22,,,2.27,0.54,0.53,,0.71,4.3,3.53,,1.92,0.54,0.49,,0.75
USNM,487983,T. m. minor,Borneo,NE,"Mount Kinabalu National Park, Ranau District, Poring",6.17,116.63,sub,M,279,130,149,30,12,48,115,R,3.02,2.62,1.73,0.44,0.37,0.88,5.47,3.75,2.09,1.78,0.47,0.46,0.41,,6.54,4.04,,1.92,0.51,0.49,,0.73,5.81,3.88,2.18,1.76,0.53,0.47,0.39,,3.95,3.23,,1.37,0.5,0.41,,0.64
USNM,487984,T. m. minor,Borneo,NE,"Kampong Morok, Ranau District, Morok Forest",6.02,116.87,A,M,284,124,160,32,14,57,129,L,3.46,3.08,2.02,0.53,0.45,0.76,5.87,,,2.08,0.58,0.54,,0.77,7.03,,,2.03,0.56,,,0.77,6.42,,,1.93,0.57,0.55,,0.72,4.29,3.83,2.49,1.88,0.51,,0.42,
USNM,487985,T. m. minor,Borneo,NE,"Mount Kinabalu National Park, Ranau District, Poring",6.17,116.63,A,F,293,129,164,30,13,53,127,R,3.16,2.82,2.21,0.43,0.41,0.68,5.69,4.13,,2.14,0.48,0.48,,0.73,6.71,,,2.35,0.51,,,0.7,6.02,,,2.28,0.52,0.46,0.42,0.68,4.21,3.48,,1.87,0.52,0.46,,
USNM,487986,T. m. minor,Borneo,NE,"Kampong Morok, Ranau District, Morok Forest",6.02,116.87,infant,F,269,109,160,31,12,30,147,R,3.09,2.68,1.56,0.49,0.36,0.76,5.55,3.91,2.03,1.67,0.47,0.45,0.38,,6.76,4.37,2.14,1.79,0.5,0.49,0.43,0.7,5.55,4.16,2.56,1.65,0.48,0.46,0.39,,3.78,3.36,2.03,1.28,0.55,0.42,0.34,
USNM,487987,T. m. malaccana,Malay Peninsula,W,"Batu (Kepong), Bukit Legong Forest Reserve",3.26,101.61,sub,M,263,123,140,30,12,46.2,114,L,3.17,2.84,1.82,0.53,0.48,0.75,5.58,4.05,,1.87,0.59,0.55,0.37,0.73,6.81,4.33,,2.07,0.58,0.58,,0.73,6,4.09,,1.83,0.55,0.51,0.41,0.71,4.16,3.28,,1.47,0.61,0.51,0.39,0.65
USNM,487988,T. m. malaccana,Malay Peninsula,W,"Subang, Subang Forest Reserve",3.05,101.58,A,F,278,130,148,30,14,38.5,114,L,3.02,2.7,1.92,0.47,0.35,0.9,5.5,3.74,,1.83,0.53,0.46,,0.67,6.62,4.12,,1.66,0.54,0.48,,0.67,5.84,3.94,,1.96,0.52,0.45,,0.71,3.93,3.44,,1.44,0.55,0.44,,0.61
USNM,487989,T. m. malaccana,Malay Peninsula,W,"Subang, Subang Forest Reserve",3.05,101.58,A,M,285,126,159,31,15,62,126,L,2.94,2.71,1.95,0.46,0.44,0.79,5.37,3.72,,2.07,0.54,0.47,,,6.5,,,2.12,0.55,0.53,0.42,0.69,5.68,3.88,,2.08,0.55,0.48,,0.71,3.84,3.2,,1.7,0.59,0.48,,0.63
USNM,487990,T. m. malaccana,Malay Peninsula,W,"Tanjong Duablas, Kuala Langat Forest Reserve, Bukit Mandol",2.93,101.59,infant,F,280,130,150,31,13,42,115,L,3.09,2.71,2.08,0.47,0.43,0.74,5.44,3.8,,2.03,0.54,0.46,0.38,0.75,6.48,4,,2.24,0.53,0.47,0.41,0.7,5.69,3.91,,2.07,0.53,0.43,,0.66,4.13,3.37,,1.78,0.52,0.43,,0.62
USNM,487991,T. m. malaccana,Malay Peninsula,W,"Batu (Kepong), Bukit Legong Forest Reserve",3.26,101.61,A,M,275,125,150,30,8,44,120,L,3.05,2.74,1.86,0.46,0.44,0.88,5.63,3.65,,2.15,0.51,0.51,,,6.35,3.97,,2.1,0.54,0.55,,0.72,5.64,3.53,2.98,2.19,0.54,,0.42,0.74,3.8,3.24,,1.81,0.56,0.47,,0.62
USNM,487992,T. m. malaccana,Malay Peninsula,W,"Subang, Subang Forest Reserve",3.05,101.58,A,F,279,129,150,30,12,68.6,116,L,2.92,2.63,1.76,0.48,0.42,0.78,5.35,3.72,2.48,2.03,0.54,0.46,0.32,,6.62,3.99,2.22,1.87,0.55,0.49,0.35,0.71,5.81,3.88,,2.09,0.53,0.47,0.36,0.71,3.89,3.06,,1.77,0.57,0.41,,
USNM,487993,T. m. malaccana,Malay Peninsula,W,"Subang, Subang Forest Reserve",3.05,101.58,A,F,282,127,155,31,12,52,122,L,3.07,2.77,1.84,0.47,0.43,0.84,5.49,3.87,,2.09,0.53,0.48,0.38,,6.55,4.31,,2.16,0.54,0.53,,0.68,5.86,4.16,,2.02,0.49,0.45,,0.7,3.94,3.3,,1.74,0.57,0.46,0.38,0.65
USNM,487994,T. m. malaccana,Malay Peninsula,W,"Tanjong Duablas, Kuala Langat Forest Reserve, Bukit Mandol",2.93,101.59,sub,M,282,125,157,31,12,50,126,R,3.06,2.93,1.95,0.48,0.4,0.77,5.24,3.94,2.14,1.87,0.54,0.48,,0.74,6.4,4.37,,2.08,0.5,0.5,,0.74,6.16,4.18,,2.07,0.52,0.47,,,4.15,3.44,,1.73,0.6,0.48,,0.66
USNM,487995,T. m. malaccana,Malay Peninsula,W,"Batu (Kepong), Bukit Legong Forest Reserve",3.26,101.61,A,M,285,125,160,32,13,49,128,R,3.2,2.96,2.17,0.48,0.43,0.96,5.87,4.04,,2.05,0.58,0.53,,0.76,7.02,4.46,,2.46,0.6,0.55,,,6.19,4.23,,2.19,0.58,0.5,,0.77,4.24,,,1.75,0.63,0.49,,
USNM,487996,T. m. malaccana,Malay Peninsula,W,"Sungei Buloh, Sungei Buloh Forest Reserve, Bukit Lanjan",3.18,101.59,A,F,285,130,155,33,13,55,119,L,3.16,2.84,1.94,0.45,0.39,0.74,5.58,3.87,2.54,1.89,0.54,0.49,0.36,,6.81,4.26,2.62,2.1,0.53,0.52,,0.75,5.96,4.01,,2.26,5.11,0.49,,0.69,4.05,3.28,,1.77,0.5,0.47,,0.67
USNM,487997,T. m. malaccana,Malay Peninsula,W,"Bukit Kemandul, Sungai Rasu, Batu 8",2.94,101.53,A,M,285,130,155,30,12,37,119,L,3.02,2.86,2.04,0.42,0.41,0.95,5.48,3.9,2.53,2.11,0.53,0.49,0.32,0.76,6.57,4.09,,2.29,0.54,0.49,,,5.81,3.88,,2.1,0.51,0.44,0.3,,3.92,3.36,,1.74,0.47,0.42,,0.7
USNM,487998,T. m. malaccana,Malay Peninsula,W,"Subang, Subang Forest Reserve",3.05,101.58,A,F,280,125,155,33,12,36,124,L,2.97,2.78,2.13,0.45,0.43,0.83,5.4,3.93,2.63,1.89,0.54,0.49,0.33,,6.66,4.26,,2.06,0.52,,,,6.04,4.18,2.39,1.95,0.54,,0.38,,3.94,3.36,,1.66,0.57,0.47,,0.66
USNM,487999,T. m. malaccana,Malay Peninsula,W,"Subang, Subang Forest Reserve",3.05,101.58,A,M,290,130,160,33,12,53,123,R,3.32,2.97,1.98,0.47,0.38,0.9,5.74,4.03,,2.14,0.54,0.48,0.4,0.75,6.97,,,2.37,0.55,,,0.74,6.18,4.14,,2.22,0.55,0.46,,,4.36,3.51,,1.85,0.63,0.49,,
USNM,488000,T. m. malaccana,Malay Peninsula,W,"Subang, Subang Forest Reserve",3.05,101.58,A,F,278,114,164,30,12,38,144,L,3.23,2.93,1.69,0.47,0.37,0.88,5.67,3.82,2.38,1.78,0.53,0.47,0.36,,6.8,4.29,,1.81,0.57,0.51,,0.71,6.07,4.18,,1.97,0.56,0.51,,0.7,4.07,3.53,,1.65,0.57,0.46,,0.76
USNM,488001,T. m. malaccana,Malay Peninsula,W,"Subang, Subang Forest Reserve",3.05,101.58,A,M,,130,,32,13,37,,R,3.1,2.86,1.95,0.47,0.37,0.94,5.65,3.85,2.39,1.96,0.54,0.5,0.44,0.88,6.84,4.16,,2.05,0.57,0.48,0.41,,6.13,4.09,2.65,2.13,0.57,0.5,0.36,,4.1,3.3,,1.59,0.68,0.52,,0.7
USNM,488002,T. m. malaccana,Malay Peninsula,W,"Subang, Subang Forest Reserve",3.05,101.58,A,F,274,124,150,31,11,36.5,121,L,3.01,2.8,1.9,0.44,0.35,0.95,5.36,3.73,,2.06,0.52,0.47,,0.67,6.51,4.08,,1.94,0.52,0.47,,0.72,5.83,,,1.99,0.5,0.44,,0.71,3.97,,,1.74,0.57,0.45,,0.65
USNM,488003,T. m. malaccana,Malay Peninsula,W,"Subang, Subang Forest Reserve",3.05,101.58,late sub,F,273,123,150,31,11,49,122,L,2.9,2.73,1.87,0.41,0.35,0.83,5.42,3.57,,1.94,0.5,0.43,,0.62,6.39,3.95,,2.02,0.51,,,0.67,5.82,3.94,,2.05,0.51,0.44,0.41,,3.93,,,1.53,0.52,0.43,,0.65
USNM,488004,T. m. malaccana,Malay Peninsula,W,"Subang, Subang Forest Reserve",3.05,101.58,A,M,285,130,155,31,12,38,119,L,3,2.86,1.72,0.44,0.4,0.9,5.49,3.91,,2.06,0.54,0.46,0.34,,6.45,4.03,2.13,2.1,0.55,0.49,,0.74,5.67,4.06,,1.97,0.54,0.43,,0.73,3.84,3.34,,1.73,0.56,0.43,,
USNM,488005,T. m. malaccana,Malay Peninsula,W,"Subang, Subang Forest Reserve",3.05,101.58,sub,F,282,126,156,31,13,45,124,L,2.99,2.61,1.86,0.43,0.41,0.72,5.31,3.68,,1.61,0.54,0.47,,0.73,6.15,3.96,,1.75,0.5,0.5,,0.68,5.53,3.9,,1.86,0.52,0.4,,,3.72,3.18,,1.57,0.52,0.41,,0.68
USNM,488006,T. m. malaccana,Malay Peninsula,W,"Subang, Subang Forest Reserve",3.05,101.58,A,F,287,130,157,32,13,40,121,L,3.07,2.78,1.9,0.46,0.42,0.71,5.41,3.92,,1.77,0.53,0.5,,0.72,6.46,4.25,2.64,1.83,0.56,0.47,0.34,,5.87,4.1,,2.01,0.55,0.46,0.4,0.68,3.88,3.28,,1.71,0.54,0.45,0.31,0.71
USNM,488007,T. m. malaccana,Malay Peninsula,W,"Subang, Subang Forest Reserve",3.05,101.58,late sub,F,272,122,150,31,12,40,123,L,3.1,2.86,1.86,0.44,0.42,0.78,5.48,3.83,2.41,1.93,0.53,0.47,0.31,0.7,6.48,4.19,,1.93,0.53,0.51,,0.73,5.81,4,2.54,1.83,0.52,0.44,0.35,,3.93,3.27,,1.69,0.53,0.4,,
USNM,488008,T. m. malaccana,Malay Peninsula,W,"Subang, Subang Forest Reserve",3.05,101.58,sub,M,277,122,155,33,14,43,127,L,3.21,2.93,1.77,0.49,0.43,0.8,5.47,4.07,2.63,1.63,0.56,0.49,0.41,0.73,6.85,4.46,2.93,2.03,0.59,0.54,0.38,0.73,6.16,4.35,3.06,2.13,0.56,0.49,0.34,,4.1,3.51,2.28,1.37,0.6,0.44,0.39,
USNM,488009,T. m. malaccana,Malay Peninsula,W,"Batu (Kepong), Bukit Legong Forest Reserve",3.26,101.61,A,M,280,126,154,31,11,51,122,R,3.06,2.71,1.83,0.46,0.42,0.92,5.77,3.93,,1.93,0.58,0.51,0.48,,6.85,4.34,,2.04,0.56,0.57,0.43,,6.18,4.13,,2.15,0.55,0.55,,0.73,4.28,3.43,,1.82,0.62,0.52,,0.77
USNM,488010,T. m. malaccana,Malay Peninsula,W,"Batang Berjuntai, Batang Berjuntai Forest",3.39,101.41,A,M,252,120,132,30,13,47,110,L,3.08,2.67,1.78,0.48,0.4,0.98,5.59,3.76,,1.75,0.54,0.48,,0.78,6.56,3.82,,2.2,0.52,0.5,,0.74,5.8,3.85,,2.08,0.57,0.48,0.39,0.7,3.98,,,1.74,0.61,,,0.77
USNM,488011,T. m. malaccana,Malay Peninsula,W,"Tanjong Duablas, Kuala Langat Forest Reserve, Bukit Mandol",2.93,101.59,A,M,281,130,151,31,14,51,116,L,3.07,2.89,2.05,0.42,0.39,0.89,5.61,3.99,,2.13,0.52,0.44,,,6.62,4.31,,2.38,0.54,0.51,,0.68,5.84,4.14,2.49,2.29,0.53,0.48,0.43,,4.05,3.31,,1.84,0.6,0.46,,0.63
USNM,488012,T. m. malaccana,Malay Peninsula,W,"Tanjong Duablas, Kuala Langat Forest Reserve, Bukit Mandol",2.93,101.59,A,M,267,122,145,31,13,51,119,L,3.06,2.7,1.94,0.5,0.46,0.87,5.29,3.8,,2.03,0.56,0.51,0.38,0.72,6.42,3.67,,2.21,0.56,0.5,,0.77,5.7,,,2.02,0.57,0.47,,0.76,3.8,3.02,,1.86,0.59,0.49,,0.77
USNM,488013,T. m. malaccana,Malay Peninsula,W,"Tanjong Duablas, Kuala Langat Forest Reserve, Bukit Mandol",2.93,101.59,A,M,279,127,152,32,13,51,120,L,3.13,2.98,1.81,0.49,0.44,0.84,5.61,4,,2.15,0.54,0.48,0.37,,6.6,4.31,2.77,2.22,0.54,0.5,0.4,,5.9,4.21,2.72,2.18,0.55,0.5,0.43,,4.08,3.45,1.91,1.7,0.63,0.47,,
USNM,488014,T. m. malaccana,Malay Peninsula,W,"Batu (Kepong), Bukit Legong Forest Reserve",3.26,101.61,A,M,270,125,145,31,13,43,116,R,3.1,2.82,1.86,0.48,0.43,0.84,5.44,3.92,,1.97,0.6,0.54,,0.76,6.8,4.27,,2.2,0.6,0.58,,0.74,6.02,4.19,,2.17,0.56,0.52,,,4.01,3.33,,1.84,0.61,0.58,,0.69
USNM,488015,T. m. malaccana,Malay Peninsula,W,"Tanjong Duablas, Kuala Langat Forest Reserve, Bukit Mandol",2.93,101.59,A,F,285,130,155,32,12,57,119,L,3.27,2.93,1.97,0.51,0.44,0.9,5.83,4.24,,2.01,0.56,0.49,,0.72,6.75,4.43,,2.15,0.54,0.53,,0.75,6.05,4.19,,2.09,0.53,0.47,,0.71,4.02,3.51,,1.65,0.63,0.47,0.34,0.71
USNM,488016,T. m. malaccana,Malay Peninsula,W,"Batu (Kepong), Bukit Legong Forest Reserve",3.26,101.61,A,F,284,131,153,31,13,55,117,L,3.14,2.76,2.04,0.51,0.45,0.81,5.38,3.89,1.99,2.08,0.59,0.52,,,6.49,4.2,,2.24,0.58,0.57,,0.75,5.86,4.15,,2.14,0.58,0.52,0.4,,4.02,3.42,,1.86,0.63,0.52,,0.75
USNM,488017,T. m. malaccana,Malay Peninsula,W,"Tanjong Duablas, Kuala Langat Forest Reserve",2.91,101.6,sub,M,273,125,148,32,13,42,118,R,3.09,2.8,1.83,0.48,0.44,0.85,5.26,3.88,2.28,1.97,0.53,0.5,0.36,,6.8,4.13,2.58,2.24,0.53,0.5,0.38,0.74,6.13,4.17,2.67,2.18,0.5,0.5,0.35,,4.2,3.23,,1.82,0.59,0.49,,0.69
USNM,488018,T. m. malaccana,Malay Peninsula,W,"Batu (Kepong), Bukit Legong Forest Reserve",3.26,101.61,A,F,286,136,150,32,13,51,110,L,3.12,2.78,1.66,0.5,0.42,0.9,5.67,3.85,1.88,2.02,0.57,0.51,0.37,,6.83,4.29,,2.15,0.59,0.56,,,6.03,4.14,2.3,2.07,0.6,0.52,0.37,,4.2,3.43,,1.72,0.67,0.53,,
USNM,488019,T. m. malaccana,Malay Peninsula,W,"Sungei Buloh, Sungei Buloh Forest Reserve, Bukit Lanja",3.18,101.59,late sub,F,281,126,155,32,13,50,123,R,3.2,2.76,1.94,0.46,0.44,0.87,5.65,3.78,,1.81,0.58,0.52,,,6.75,4.18,2.69,2.05,0.55,0.5,,,5.97,4.03,2.46,1.72,0.54,0.49,,,4.04,3.36,1.72,1.62,0.6,0.49,,
USNM,488020,T. m. malaccana,Malay Peninsula,W,"Sungei Buloh, Sungei Buloh Forest Reserve, Bukit Lanja",3.18,101.59,A,M,285,130,155,32,13,52,119,L,3.24,2.95,1.86,0.54,0.5,0.91,5.88,3.9,2.88,2.31,0.59,0.49,0.39,,7.28,4.28,3.2,2.24,0.6,0.5,0.35,0.85,6.42,4.5,3.04,1.95,0.58,0.53,0.34,,4.26,3.66,,1.52,0.68,0.55,,0.85
USNM,488021,T. m. malaccana,Malay Peninsula,W,"Tanjong Duablas, Kuala Langat Forest Reserve, Bukit Mandol",2.93,101.59,A,M,282,130,152,31,13,50,117,L,3.06,2.86,2.12,0.49,0.48,0.92,5.59,3.94,2.3,2.01,0.58,0.53,,,6.53,4.02,2.42,2.12,0.61,0.54,,,6.01,4.19,2.52,2.26,0.57,0.55,0.44,,3.98,3.32,,1.9,0.64,0.54,,0.77
USNM,488022,T. m. malaccana,Malay Peninsula,W,"Tanjong Duablas, Kuala Langat Forest Reserve, Bukit Mandol",2.93,101.59,late sub,F,285,130,155,32,13,54,119,R,3.01,2.69,1.85,0.47,0.44,0.9,5.84,3.81,2.48,1.87,0.56,0.5,,0.73,6.81,4.18,2.72,2.11,0.57,0.52,,,6.16,4.12,2.57,2.17,0.56,0.49,0.4,,4.16,3.47,,1.73,0.66,0.5,,0.7
USNM,488023,T. m. malaccana,Malay Peninsula,W,"Tanjong Duablas, Kuala Langat Forest Reserve, Bukit Mandol",2.93,101.59,A,F,275,123,152,32,13,46,124,L,3.31,2.93,1.9,0.5,0.46,0.91,6.17,3.98,2.53,2.09,0.55,0.5,0.32,,6.89,4.37,,2.15,0.58,0.53,,,6.11,4.18,,2.09,0.55,0.5,,0.69,4.12,3.47,,1.63,0.62,0.49,,
MCZ,22254,T. m. minor,Borneo,E,"Dutch Borneo, Long Navang",1.79,114.9,A,f,,,,,,,,L,3.2,3.1,,0.45,0.38,0.99,6.01,4.33,2.66,2.08,0.54,0.47,0.4,,7.32,4.67,2.82,2.45,0.55,0.52,0.42,0.7,6.65,4.54,3.05,2.31,0.55,0.46,0.36,0.68,4.36,3.78,,2.19,0.58,0.48,0.38,0.69
MCZ,36402,T. m. minor,Borneo,NE,"Brit. N. Borneo, Mt. Kinabalu",6.07,116.56,A,m,280,,153,31,13,,,L,3.01,2.63,1.79,0.45,0.3,0.81,5.75,3.48,,1.81,0.5,0.5,0.4,,,4.1,,1.99,,0.54,0.45,,5.69,3.97,,2,0.56,0.51,0.45,0.71,4.01,3.28,,1.78,0.48,0.52,0.4,
MCZ,36809,T. m. minor,Borneo,N,"Borneo, Sarawak, Kuching",1.57,110.33,A,f,,,,,,,,L,3,2.55,,0.46,0.38,0.76,5.65,3.54,,1.89,0.58,0.53,0.44,,6.84,2.5,,1.74,0.55,0.6,0.49,,6.02,4.01,2.63,1.87,0.58,0.5,0.42,,4.07,3.15,,1.45,0.59,0.5,0.47,
MCZ,36810,T. m. minor,Borneo,N,"Borneo, Sarawak, Kuching",1.57,110.33,A,f,,,,,,,,R,3.23,2.84,1.75,0.53,0.43,0.78,5.56,3.59,,1.98,0.56,0.53,0.42,0.77,6.74,3.81,,2.05,0.54,0.5,,,6.05,3.61,2.81,1.87,0.48,0.48,0.38,,3.89,2.97,2.07,1.83,0.45,0.4,0.34,
FMNH,33030,T. m. caedis,Borneo,NE,"Malaysia: Sabah; Sandakan, 8th mi W",5.84,117.97,A,m,282,123,159,33,,,129,L,3.09,3.03,1.77,0.48,0.45,0.87,5.67,4.14,2.24,2.05,0.54,0.53,0.48,,6.93,4.22,,2.35,0.56,0.57,0.51,0.74,6.22,4,,2.28,0.57,0.54,0.48,,4.32,3.33,,1.92,0.56,0.49,0.46,0.7
FMNH,65880,T. m. malaccana,Malay Peninsula,W,Malaysia: Selangor; Kepong near Kuala Lumpur,3.2,101.64,A,f,,,160,30,12,,,R,3.12,2.98,2.12,0.46,0.44,1.01,5.72,4,2.46,1.92,0.57,0.51,,,6.96,4.39,2.77,1.94,0.55,0.56,,0.8,6.13,4.17,,1.84,0.57,0.5,,0.78,3.95,3.44,,1.74,0.62,0.49,,0.75
FMNH,76832,T. m. caedis,Borneo,NE,"Malaysia: Sabah; East Coast Residency, Kinabatangan Dist, Little Kretam River",5.52,118.56,A,f,274,119,155,32,,,130,R,3.36,3.06,1.85,0.52,0.42,0.88,5.77,4.3,1.86,1.88,0.55,0.51,0.47,,6.84,4.33,,1.87,0.54,0.59,0.53,0.82,6.18,4.41,1.86,1.97,0.58,0.53,0.5,0.81,4.38,3.73,,1.8,0.53,0.49,0.49,0.75
FMNH,76833,T. m. caedis,Borneo,NE,"Malaysia: Sabah; East Coast Residency, Kinabatangan Dist, Little Kretam River",5.52,118.56,A,f,266,135,131,31,,,97,L,3.19,2.65,1.97,0.52,0.41,0.94,5.11,3.85,1.84,2.15,0.56,0.56,0.53,0.79,6.52,3.74,2.34,2.24,0.56,0.56,0.54,,6.09,4.09,,2.32,0.57,0.55,0.46,,4.1,3.41,1.59,1.81,0.6,0.54,0.48,
FMNH,76835,T. m. caedis,Borneo,NE,"Malaysia: Sabah; East Coast Residency, Kinabatangan Dist, Little Kretam River",5.52,118.56,A,f,281,127,154,33,,50,121,L,3.55,3.04,2.15,0.45,0.4,0.96,5.93,4.27,,2.24,0.55,0.52,0.47,,7.18,,,2.4,0.55,0.54,0.52,0.79,6.43,4.52,3.09,2.4,0.56,0.51,0.43,,4.64,3.65,,2.04,0.52,0.52,0.41,
FMNH,76836,T. m. caedis,Borneo,NE,"Malaysia: Sabah; East Coast Residency, Kinabatangan Dist, Little Kretam River",5.52,118.56,A,f,275,130,145,30,,60,112,R,3.45,3.13,2.13,0.5,0.48,0.93,5.97,4.26,2.32,2.15,0.6,0.55,0.49,,7.12,4.49,,2.28,0.58,0.61,0.5,0.95,6.22,4.34,2.51,2.26,0.62,0.57,0.47,,4.36,3.54,,1.87,0.6,0.55,0.48,0.75
FMNH,76839,T. m. caedis,Borneo,NE,"Malaysia: Sabah; East Coast Residency, Kinabatangan Dist, Little Kretam River",5.52,118.56,A,m,268,126,142,34,,50,113,R,3.48,2.98,1.98,0.47,0.47,0.85,5.8,4.17,,1.98,0.63,0.56,0.55,,7.12,4.45,,2.15,0.61,0.62,0.54,,6.45,4.35,2.44,2.26,0.6,0.57,0.44,,4.54,3.56,,1.9,0.56,0.55,,0.76
FMNH,76840,T. m. caedis,Borneo,NE,"Malaysia: Sabah; East Coast Residency, Kinabatangan Dist, Little Kretam River",5.52,118.56,A,f,276,131,145,33,,50,111,R,3.22,2.86,1.8,0.46,0.4,0.88,5,4.07,2.55,2.09,0.5,0.43,0.33,,6.53,4.37,2.45,1.97,0.55,0.52,,,5.86,4.16,2.44,2.12,0.55,0.51,,,4.17,3.17,,1.68,0.59,0.49,,0.73
FMNH,76841,T. m. caedis,Borneo,NE,"Malaysia: Sabah; East Coast Residency, Kinabatangan Dist, Little Kretam River",5.52,118.56,A,m,268,130,138,32,,50,106,R,3.24,2.79,1.97,0.5,0.44,0.85,5.37,3.95,2.64,,0.57,0.55,,,6.25,4.32,2.46,2.23,0.59,0.61,,,5.59,4.12,2.34,2.23,0.57,0.52,,,3.83,3.36,,1.78,0.57,0.54,,0.68
FMNH,76842,T. m. caedis,Borneo,NE,"Malaysia: Sabah; East Coast Residency, Kinabatangan Dist, Little Kretam River",5.52,118.56,A,f,311,138,173,40,,60,125,L,3.43,2.74,2.06,0.45,0.43,0.93,6.26,4.21,2.36,,0.58,0.49,,,7.76,4.76,2.42,,0.57,0.53,,,6.94,4.46,2.43,1.92,0.6,0.51,0.43,,4.48,3.54,,,0.58,0.49,,
FMNH,76843,T. m. caedis,Borneo,NE,"Malaysia: Sabah; East Coast Residency, Kinabatangan Dist, Little Kretam River",5.52,118.56,A,f,278,135,143,31,,60,106,R,3.49,2.95,1.88,0.52,0.44,0.91,6.23,4.02,2.57,1.06,0.55,0.52,0.38,,6.96,4.2,2.97,2.06,0.58,0.54,,0.78,6.26,4.19,2.68,2.02,0.58,0.52,0.41,,4.51,3.54,,1.74,0.59,0.55,,
FMNH,76844,T. m. caedis,Borneo,NE,"Malaysia: Sabah; East Coast Residency, Sandakan Dist, Sapagaya Forest Res",5.59,118.14,A,f,269,133,136,32.5,,40,102,L,3.55,3.14,2.08,0.47,0.47,0.94,,4.45,2.61,2.05,0.56,0.5,0.42,,7.09,4.56,2.51,2.19,0.59,0.57,0.58,,6.53,4.56,2.51,2.29,0.61,0.56,0.46,,4.55,3.76,,1.86,0.59,0.56,0.53,0.81
FMNH,76845,T. m. caedis,Borneo,NE,"Malaysia: Sabah; East Coast Residency, Sandakan Dist, Sapagaya Forest Res",5.59,118.14,A,m,256,122,134,32,,30,110,L,3.15,2.95,1.71,0.46,0.4,0.88,5.62,3.93,2.62,1.9,0.51,0.51,0.46,0.93,6.8,,3.21,2.08,0.52,0.57,0.46,,6.17,4.27,3.05,2.28,0.55,0.52,0.43,0.7,4.31,3.45,,1.87,0.48,0.49,0.37,0.73
FMNH,76846,T. m. caedis,Borneo,NE,"Malaysia: Sabah; East Coast Residency, Sandakan Dist, Sapagaya Forest Res",5.59,118.14,A,m,278,134,144,33,,50,107,L,3.48,2.92,2.17,0.44,0.47,0.94,6.23,4.12,2.18,1.9,0.57,0.56,0.53,0.84,7.44,4.49,,2.5,0.62,0.55,0.47,,6.73,4.47,,2.28,0.6,0.57,0.47,,4.67,3.52,1.77,1.61,0.6,0.54,0.51,0.8
FMNH,76847,T. m. caedis,Borneo,NE,"Malaysia: Sabah; East Coast Residency, Sandakan Dist, Sapagaya Forest Res",5.59,118.14,A,m,262,122,140,33,,50,115,L,3.26,2.85,1.81,0.47,0.43,0.83,5.87,3.99,2.32,1.84,0.53,0.5,,,7.03,4.33,2.62,2.05,0.6,0.55,,0.76,6.14,4.17,2.7,2.05,0.58,0.52,,,4.21,3.33,,1.67,0.53,0.48,,0.7
FMNH,76848,T. m. caedis,Borneo,NE,"Malaysia: Sabah; East Coast Residency, Sandakan Dist, Sapagaya Forest Res",5.59,118.14,A,f,267,130,137,30,,50,105,L,3.02,2.69,1.81,0.46,0.4,0.9,5.42,3.77,2.22,2.04,0.52,0.48,0.35,,6.38,3.93,2.39,2.06,0.51,0.52,,,5.69,3.81,2.24,1.85,0.53,0.47,0.42,,3.84,3.17,,1.79,0.57,0.51,,
FMNH,76850,T. m. caedis,Borneo,NE,"Malaysia: Sabah; East Coast Residency, Sandakan Dist, Sapagaya Forest Res",5.59,118.14,A,m,261,116,145,33,,50,125,R,3.26,2.94,2.15,0.53,0.47,0.96,5.67,4.08,,2.05,0.63,0.54,,,6.59,4.46,,2.16,0.58,0.56,2.45,,5.93,4.3,2.34,2.06,0.57,0.51,0.42,,4.22,3.53,,1.67,0.62,0.54,,0.74
FMNH,76853,T. m. caedis,Borneo,NE,"Malaysia: Sabah; East Coast Residency, Sandakan Dist, 5 mi N Sandakan",5.96,118.05,A,m,,,,,,,,L,3.26,3.03,1.86,0.6,0.48,0.82,5.6,3.9,,1.98,0.58,0.54,,0.72,6.52,4.02,,2.12,0.59,0.53,,0.75,5.98,4.09,2.64,2.07,0.56,0.52,,0.8,4.09,3.36,,1.96,0.6,0.5,,
FMNH,80094,T. m. minor,Borneo,N,"Malaysia: Sarawak; First Div, Kuching, mi 5 on Stapok Rd, in Forest Reserve",1.52,110.29,A,f,,,160,33,12,49,,R,2.98,2.73,1.76,0.5,0.42,0.74,5.38,3.81,,1.85,0.57,0.51,,,6.44,4.17,,1.83,0.59,0.54,,0.7,5.88,4.04,,1.88,0.58,0.48,,0.7,3.93,3.36,,1.71,0.59,0.49,0.38,
FMNH,80095,T. m. minor,Borneo,N,"Malaysia: Sarawak; First Div, Kuching, mi 4 on Stapok Rd, in Forest Reserve",1.52,110.29,A,m,263,120,143,32,12,56,119,L,3.11,2.74,1.98,0.47,0.44,0.86,5.6,3.83,2.35,2.12,0.5,0.48,0.45,,7.16,4.22,2.52,2.24,0.56,0.54,0.49,0.82,6.22,4.01,2.93,2.08,0.6,0.52,0.47,0.85,3.9,3.29,2.15,1.72,0.58,0.49,0.45,0.74
FMNH,80096,T. m. minor,Borneo,N,"Malaysia: Sarawak; First Div, Kuching, mi 5 on Stapok Rd, in Forest Reserve",1.52,110.29,A,f,,,175,41,13,77,,R,3.36,2.67,1.7,0.47,0.43,0.86,6.19,3.99,2.1,1.58,0.56,0.48,0.35,,8.05,4.51,,1.87,0.6,0.54,,,7.19,4.38,,1.77,0.61,0.51,,,4.55,3.47,,1.39,0.59,0.5,,0.71
FMNH,80097,T. m. minor,Borneo,N,"Malaysia: Sarawak; First Div, Kuching, mi 5 1/2 on Stapok Rd, in Forest Reserve",1.52,110.29,A,f,271,123,148,33,14,63,120,R,3.27,2.6,,0.55,0.49,,,,2.67,1.91,0.59,0.45,0.42,,7.3,,,2.36,0.58,0.56,0.48,,6.71,4.47,,2.2,0.58,0.52,0.43,0.85,4.38,3.73,,1.83,0.58,0.5,0.39,
FMNH,80098,T. m. minor,Borneo,N,"Malaysia: Sarawak; First Div, Kuching, mi 5 1/2 on Stapok Rd, in Forest Reserve",1.52,110.29,A,m,,,146,34,14,77,,L,2.95,2.88,1.71,0.58,0.44,0.84,5.64,3.95,,2.17,0.68,0.59,,0.83,6.66,4.29,,1.56,0.63,0.59,0.44,0.74,6.05,4.17,,2.1,0.64,0.56,0.45,0.76,3.8,3.48,,1.82,0.6,0.57,,0.77
FMNH,85928,T. m. caedis,Borneo,NE,"Malaysia: Sabah; Tawau Dist, Kalabakan, Sungei Tibas Camp",4.41,117.49,A,m,278,128,150,35,18,65,117,R,3.48,3.14,2.2,0.54,0.51,0.9,5.96,4.22,,1.97,0.67,0.6,0.55,0.94,7.2,4.42,,2.28,0.65,0.62,0.58,0.88,6.61,4.42,,2.27,0.63,0.6,0.51,0.86,4.66,3.64,1.88,1.99,0.6,0.56,0.46,
FMNH,88379,T. m. minor,Borneo,N,"Malaysia: Sarawak; Fourth Division, Kelabit Plateau, Pa Main, 3000f",3.82,115.36,A,f,,,,32,,,,R,3.2,2.83,2.04,0.5,0.48,0.92,5.45,4.05,2.61,2.07,0.6,0.52,0.47,,6.63,4.16,,2.41,0.59,0.56,0.49,0.9,6.17,3.97,,2.38,0.57,0.57,0.46,0.78,4.02,3.37,,1.83,0.61,0.52,0.47,0.76
FMNH,88380,T. m. minor,Borneo,N,"Malaysia: Sarawak; Fourth Division, Kelabit Plateau, Pa Main, 3500f",3.82,115.36,A,?,,,,34,,,,R,3.41,,2.35,0.53,0.53,0.91,6.04,4.29,2.66,2.35,0.59,0.62,0.48,0.86,7.29,4.3,,2.26,0.63,0.63,,,6.63,4.44,,2.56,0.63,0.57,,,4.25,3.74,,,0.66,0.54,0.48,
FMNH,88381,T. m. minor,Borneo,N,"Malaysia: Sarawak; Fourth Division, Kelabit Plateau, Pa Main, 3500f",3.82,115.36,A,f,,,,33,,,,R,3.15,2.93,1.84,0.47,0.45,0.89,5.72,4.05,2.42,2.01,0.56,0.46,,,6.93,4.32,,2.24,0.57,0.56,,,6.29,4.33,2.63,2.23,0.58,0.53,0.4,,3.98,3.61,2.02,1.89,0.58,0.51,0.39,
FMNH,88590,T. m. minor,Borneo,N,"Malaysia: Sarawak; Fourth Division, Ulu Selio, 3500f",2.84,114.8,A,m,,,,,,,,R,3.42,3.32,2.13,0.54,0.54,1.05,,3.96,,,0.59,0.57,,,6.69,4.17,,,0.57,0.58,,,6.02,,,,0.61,0.57,,,4.05,3.26,,,0.63,0.55,,
AMNH,102526,T. m. humeralis,Sumatra,S,S. Sumatra: Sumatera Selatan (Palembang) Macarah Doewa,-2.99,104.76,A,m,266,130,136,30,12,,105,L,3.18,,,0.52,,,5.46,4.27,,,0.55,0.51,,,7.08,4.63,,2.07,0.59,0.57,,1.02,6.52,4.63,,2.42,0.6,0.57,,0.82,4.33,3.66,,1.89,0.7,0.57,,0.82
AMNH,102527,T. m. humeralis,Sumatra,S,S. Sumatra: Sumatera Selatan (Palembang) Macarah Doewa,-2.99,104.76,A,f,286,137,149,32,10,,109,L,3.25,3.03,2.12,0.47,0.4,1.01,5.97,4.25,2.51,2.15,0.57,0.52,0.44,,7.03,4.52,,2.03,0.6,0.59,0.53,0.81,6.2,4.49,,2.32,0.6,0.57,0.49,0.88,4,3.65,,1.78,0.66,0.53,0.46,0.8
AMNH,102528,T. m. humeralis,Sumatra,S,S. Sumatra: Sumatera Selatan (Palembang) Macarah Doewa,-2.99,104.76,A,m,267,137,130,31,12,,95,L,3.37,3.08,1.78,0.6,0.52,0.88,6.11,,,2.27,0.66,0.6,,0.95,7.2,,,2.5,0.65,0.66,,0.81,6.46,,,2.34,0.66,0.6,,0.82,4.22,,,2.03,0.59,0.58,,0.81
AMNH,103414,T. m. minor,Borneo,E,"Borneo: Kalimantan Timur prov., Mara",2.75,117.24,A,m,292,134,158,34,13,,118,R,3.41,2.81,2.02,0.49,0.45,0.97,5.9,4.18,,2.24,0.58,0.53,,,7.3,4.51,,2.37,0.58,0.53,,0.8,6.48,4.44,,2.25,0.58,0.51,0.4,0.78,4.27,3.68,,1.87,0.56,0.48,,0.7
AMNH,103438,T. m. minor,Borneo,E,Borneo: Mara,2.75,117.24,A,m,285,127,158,33,12,,124,R,3.25,2.99,2.18,0.55,0.48,0.86,5.89,4.23,2.36,2.08,0.57,0.53,0.42,,7.22,4.31,2.8,2.33,0.56,0.52,0.39,,6.56,4.39,2.74,1.96,0.49,0.5,0.37,,4.35,3.69,2.23,1.82,0.48,0.44,,
AMNH,103439,T. m. minor,Borneo,E,Borneo: Mara,2.75,117.24,A,m,309,131,178,34,10,,136,L,3.5,2.97,1.92,0.55,0.51,1,6.06,4.39,2.13,2.36,0.66,0.62,0.44,,7.6,4.52,,2.55,0.64,0.62,,0.76,6.85,4.33,,2.47,0.64,0.57,0.43,0.8,4.6,3.95,,2.08,0.71,0.56,0.51,
AMNH,103616,T. m. minor,Borneo,S,S. Borneo: Parit (Tjempaga),-2.05,113.03,A,m,281,128,153,32,12,,120,L,3.23,2.76,2.06,0.5,0.46,0.82,5.76,4.1,,1.96,0.54,0.52,0.43,,7.01,4.53,,2.16,0.57,0.53,0.41,0.78,6.31,4.45,,2.12,0.57,0.57,0.43,0.8,4.12,3.68,,1.79,0.6,0.5,,0.7
AMNH,103617,T. m. minor,Borneo,S,S. Borneo: Parit (Tjempaga),-2.05,113.03,A,f,279,121,158,31,8,,131,L,2.86,2.74,1.86,0.63,0.45,0.87,5.36,3.81,2.54,2.18,0.58,0.54,0.34,,6.39,4.35,,2.53,0.58,0.58,0.4,,5.53,4.06,2.42,2.28,0.49,0.56,0.41,,3.92,3.36,,1.92,0.48,0.48,0.34,
AMNH,103618,T. m. minor,Borneo,S,S. Borneo: Parit (Tjempaga),-2.05,113.03,A,f,280,133,147,32,13,,111,L,2.98,2.51,1.68,0.5,0.42,0.94,5.36,3.54,2.16,1.95,0.57,0.49,0.31,,6.68,3.95,,2.22,0.59,0.52,0.35,0.8,5.96,3.96,,2.11,0.56,0.48,,,3.93,3.23,,1.84,0.55,0.45,,0.67
AMNH,103896,T. m. minor,Borneo,E,N.E. Borneo: Peleben,2.8,116.66,A,f,294,123,171,32,15,,139,L,3.4,2.93,1.31,0.54,0.45,0.82,6.03,4.16,,2.16,0.65,0.54,,0.78,7.25,4.19,,2.04,0.6,0.62,,0.77,6.57,4.01,2.02,2.27,0.62,0.56,,0.79,4.41,3.66,,1.97,0.55,0.51,,0.78
AMNH,103897,T. m. minor,Borneo,E,N.E. Borneo: Peleben,2.8,116.66,A,f,283,139,144,31,14,,104,L,2.99,2.81,2.14,0.49,0.45,0.93,5.43,4.1,,2.15,0.58,0.54,0.47,,6.64,4.29,2.63,2.3,0.6,0.58,0.51,0.86,5.94,4.28,2.55,2.27,0.59,0.55,0.49,0.83,3.73,3.43,2.06,1.89,0.6,0.5,0.4,0.75
AMNH,103899,T. m. minor,Borneo,E,N.E. Borneo: Peleben,2.8,116.66,A,m,269,123,146,31,13,,119,L,3.24,2.91,1.9,0.61,0.49,0.77,5.12,3.8,2.77,2.02,,0.46,0.32,,6.51,4.21,2.41,2.28,,0.54,0.36,,6.25,4.19,2.44,2.22,0.58,0.54,0.37,,4.14,3.48,2.15,1.86,0.62,0.54,0.33,0.68
AMNH,103900,T. m. minor,Borneo,E,N.E. Borneo: Peleben,2.8,116.66,A,m,304,126,178,33,13,,141,L,3.39,2.71,2.03,0.58,0.48,1,5.91,3.97,,2.15,0.62,0.55,,,7.16,,,2.17,0.66,0.65,,0.9,6.38,4.28,,2.24,0.75,0.57,,,4.26,,,,0.74,0.56,,
AMNH,103901,T. m. minor,Borneo,E,N.E. Borneo: Peleben,2.8,116.66,A,m,297,130,167,33,13,,128,R,3.11,3.23,1.97,0.63,0.5,0.87,5.73,4.33,2.53,2.18,0.63,0.58,0.4,0.79,6.98,4.7,,2.32,0.6,0.58,0.48,,6.25,4.52,2.23,2.21,0.57,0.55,,,4.21,3.73,2.6,1.91,0.53,0.47,0.34,0.79
AMNH,103902,T. m. minor,Borneo,E,N.E. Borneo: Peleben,2.8,116.66,A,f,299,131,168,33,13,,128,R,3.72,,,0.7,0.52,,6.27,,,2.38,0.67,0.61,,,7.37,4.65,,,0.66,0.61,0.51,,6.57,4.38,,,,0.62,0.41,,,,,,0.57,0.52,0.4,
AMNH,103903,T. m. minor,Borneo,E,N.E. Borneo: Peleben,2.8,116.66,A,f,289,130,159,33,12,,122,L,3.11,2.98,2.09,0.52,0.46,0.9,5.82,4.18,,2.21,0.59,0.55,,0.76,7.21,4.45,,2.13,0.64,0.58,,0.73,6.44,4.4,,2.2,0.6,0.54,,0.77,4.14,3.6,2,1.9,0.58,0.49,0.33,
AMNH,103904,T. m. minor,Borneo,E,N.E. Borneo: Peleben,2.8,116.66,A,m,293,127,166,32,12,,131,L,3.32,3.13,2.21,0.51,0.46,0.93,6.1,4.13,,2.31,0.63,0.55,,0.8,7.48,4.32,,2.35,0.59,0.56,,,6.62,4.24,,,0.59,0.53,,,4.45,3.66,,,0.51,0.48,,
AMNH,103905,T. m. minor,Borneo,E,N.E. Borneo: Peleben,2.8,116.66,A,f,285,129,156,33,12,,121,L,3.23,2.96,2.23,0.52,0.48,1.02,5.87,4.12,,2.21,0.62,0.55,0.48,0.93,7.34,4.49,,2.33,0.6,0.65,0.54,0.81,6.65,4.43,,2.25,0.6,0.61,0.44,0.85,4.32,3.63,,1.92,0.62,0.58,0.34,0.84
AMNH,103906,T. m. minor,Borneo,E,N.E. Borneo: Peleben,2.8,116.66,A,m,281,120,161,31,12,,134,L,3.02,2.83,1.81,0.5,0.44,0.9,5.33,3.88,2.42,1.96,0.54,0.48,0.38,,6.44,4.16,2.62,1.9,0.58,0.53,0.4,,5.77,4.22,2.53,2,0.57,0.51,0.39,,3.91,3.43,2,1.48,0.62,0.5,,0.75
AMNH,106509,T. m. humeralis,Sumatra,W,Sumatra: Boekit Sanggoel (Benkoelen),-3.8,102.61,A,m,284,135,149,30,12,,110,R,3.21,2.98,2.04,0.52,0.49,0.78,5.71,4.06,,2.1,0.62,0.55,,0.73,6.55,4.33,,2.2,0.58,0.56,,,5.85,4.21,1.94,1.88,0.58,0.5,,,3.87,3.41,,1.91,0.61,0.5,,
AMNH,106510,T. m. humeralis,Sumatra,W,Sumatra: Boekit Sanggoel (Benkoelen),-3.8,102.61,A,f,269,130,139,30,12,,107,L,2.97,2.58,1.97,0.52,0.46,0.72,5.05,3.87,1.95,1.98,0.54,0.5,0.38,,6.34,4.2,2.31,2.24,0.54,0.51,,,5.7,4.04,2.26,2.03,0.53,0.49,0.42,,3.79,3.32,,1.65,0.5,0.46,,
AMNH,106511,T. m. humeralis,Sumatra,W,Sumatra: Boekit Sanggoel (Benkoelen),-3.8,102.61,A,f,293,136,157,32,11,,115,R,3.36,2.69,1.77,0.55,0.47,0.8,6.03,3.98,,2.11,0.61,0.56,,0.75,6.88,4.26,,2.24,0.61,0.54,,0.7,6.07,4.15,,2.05,0.57,0.53,,0.74,4.13,3.53,,1.91,0.58,0.52,,0.7
AMNH,106514,T. m. humeralis,Sumatra,W,Sumatra: Boekit Sanggoel (Benkoelen),-3.8,102.61,A,m,281,136,145,30,12,,107,R,2.89,2.65,1.95,0.6,0.5,0.8,5.25,4.01,2.32,2.13,0.65,0.58,,0.75,6.58,4.28,,2.37,0.59,0.58,2.35,0.79,5.93,4.2,,2.24,0.59,0.56,,0.73,3.88,3.4,2.02,1.87,0.58,0.48,0.32,
AMNH,106750,T. m. minor,Borneo,W,N.W. Borneo: Perboewa (Landak),0.44,109.94,A,f,278,125,153,32,13,,122,L,3.24,2.95,1.88,0.51,0.42,0.99,6.15,4.2,2.55,,0.6,0.54,0.41,2.44,7.38,4.53,2.64,2.54,0.62,0.55,0.47,0.85,6.55,4.36,2.56,2.5,0.59,0.54,0.45,,4.27,3.66,,2,0.66,0.49,,
AMNH,106911,T. m. minor,Borneo,W,N.W. Borneo: Perboewa (Landak),0.44,109.94,A,m,275,138,137,31,10,,99,L,3.1,2.88,1.89,0.54,0.48,0.86,5.67,4.03,,2.07,0.59,0.56,0.4,0.66,6.75,4.49,,2.32,0.56,0.56,0.43,0.7,5.96,4.32,,2.14,0.55,0.54,0.42,0.69,3.94,3.42,,1.95,0.52,0.49,,
AMNH,106998,T. m. minor,Borneo,W,N.W. Borneo: Ngabang (Landak),0.44,109.94,A,m,256,133,123,35,12,,92,L,3.09,2.75,2.04,0.46,0.43,0.81,5.51,4.03,,2.07,0.53,0.48,,,6.75,4.42,,2.22,0.54,0.54,0.42,0.64,5.88,4.34,,2.15,0.56,0.51,0.42,0.67,3.94,3.53,,1.9,0.57,0.48,,0.76
,,,,,,,,,Count,165,165,169,145,125,89,164,,184,180,174,184,182,178,178,172,99,171,182,180,109,69,176,156,63,180,176,171,87,111,170,166,89,178,170,177,112,82,177,159,38,173,177,170,62,116
,,,,,,,,,Mean,281.12,128.05,153.25,31.69,13.14,50.21,119.82,,3.17,2.84,1.92,0.49,0.43,0.87,5.64,3.96,2.39,2,0.56,0.51,0.4,0.78,6.77,4.25,2.66,2.16,0.56,0.54,0.47,0.77,6.06,4.15,2.58,2.09,0.58,0.51,0.41,0.75,4.1,3.4,2.07,1.77,0.57,0.49,0.39,0.71
,,,,,,,,,St. Dev.,11.6,5.92,9.98,2.04,10.65,10.15,9.56,,0.19,0.18,0.19,0.05,0.04,0.08,0.31,0.23,0.23,0.21,0.04,0.05,0.08,0.21,0.37,0.27,0.27,0.21,0.04,0.04,0.31,0.07,0.36,0.26,0.29,0.2,0.35,0.04,0.06,0.06,0.25,0.26,0.21,0.17,0.06,0.04,0.07,0.07
,,,,,,,,,Min,252,106,123,22,5,30,92.48,,2.52,2.16,1.26,0.4,0.3,0.68,4.93,2.92,1.84,1.06,0.43,0.35,0.26,0.62,5.83,2.5,2.13,1.35,0.47,0.39,0.24,0.64,4.7,3.2,1.86,1.45,0.44,0.4,0.28,0.66,3.47,2.12,1.59,0.96,0.41,0.39,0.29,0.3
,,,,,,,,,Max,313,141,180,41,130,80,146.79,,3.86,3.41,2.47,0.7,0.54,1.08,6.36,4.54,2.88,2.43,0.72,0.66,0.84,2.44,8.05,4.92,3.29,2.71,0.66,0.66,2.45,1.02,7.19,4.96,3.4,2.59,5.11,0.62,0.61,0.96,4.75,4.05,2.6,2.19,0.74,0.6,0.55,0.86